ID,X1,X2,X3,X4,X5,X6,X7,X8,X9,X10,X11,X12,X13,X14,X15,X16,X17,X18,X19,X20,X21,X22,X23,Y
ID,LIMIT_BAL,SEX,EDUCATION,MARRIAGE,AGE,PAY_0,PAY_2,PAY_3,PAY_4,PAY_5,PAY_6,BILL_AMT1,BILL_AMT2,BILL_AMT3,BILL_AMT4,BILL_AMT5,BILL_AMT6,PAY_AMT1,PAY_AMT2,PAY_AMT3,PAY_AMT4,PAY_AMT5,PAY_AMT6,default payment next month
1,20000,2,2,1,24,2,2,-1,-1,-2,-2,3913,3102,689,0,0,0,0,689,0,0,0,0,1
2310,150000,1,2,1,40,0,0,0,0,0,0,54021,55154,56280,57397,58599,60668,2003,2044,2054,2127,3044,3150,0
22406,230000,2,2,2,27,0,0,0,0,0,0,175050,164054,127369,108702,77703,79123,10000,10000,4000,3000,5000,5000,0
23399,180000,2,2,1,32,-1,2,-1,-1,-1,-1,3305,1649,1473,1473,2705,1473,0,1473,1473,2705,1473,1473,0
25060,360000,1,1,1,49,-1,-1,-2,-2,-1,2,4698,-200,-200,0,5084,2500,0,0,200,5084,0,0,1
2666,50000,2,2,2,22,0,0,0,0,0,-1,29637,30805,30336,13378,-1022,29857,1826,1200,268,0,31448,792,0
8513,50000,2,3,2,27,1,2,2,2,0,0,18019,9946,10319,8603,7298,6709,5559,2446,0,260,1000,1214,0
5150,30000,1,3,2,29,1,-2,-2,-2,-2,-1,0,0,0,0,0,7035,0,0,0,0,7035,0,1
7792,320000,2,2,1,44,-1,-1,-1,-1,0,-1,396,396,396,792,396,396,396,396,792,0,396,396,0
11313,500000,1,2,1,33,0,0,0,0,0,0,88832,90687,84613,89944,80339,77214,6047,5016,10055,2513,3009,14542,0
19045,280000,2,1,2,29,-2,-2,-2,-2,-1,-1,-11,-11,-11,-11,2572,9532,0,0,0,2583,9566,145007,0
10786,220000,2,1,1,39,0,-1,-1,0,0,-1,6589,2901,10836,26227,18590,785,2901,10836,18590,0,785,8700,0
22248,90000,2,2,2,25,0,0,0,-1,-1,2,88822,76400,0,2757,3060,2864,1588,0,2757,500,0,475,1
3270,20000,2,2,1,45,0,0,0,0,0,-2,18569,40278,18760,18662,0,0,2500,3000,1000,0,0,0,0
15949,120000,2,2,2,30,0,0,0,0,0,0,110612,114323,116835,118053,119047,119641,5555,5847,5800,4445,4700,4500,0
14979,480000,2,2,2,31,-1,-1,-1,-1,-1,-1,1759,1759,1759,1759,1759,1759,1759,1759,1759,1759,1759,1759,1
14476,230000,2,2,1,35,-2,-2,-2,-2,-2,-2,2132,1520,3543,3351,-4,3267,1531,3553,3351,4,3271,4649,0
28696,500000,2,1,2,34,0,0,0,0,0,0,161716,143382,123316,142773,107136,95915,6018,5198,46047,10039,30027,60038,0
14056,80000,2,2,1,30,0,0,0,0,0,0,83093,78682,77416,53338,53749,51026,3204,3060,3000,2000,2000,8500,0
26547,500000,2,5,1,54,0,0,0,0,0,0,355251,354394,359522,362412,362550,359481,12680,13464,12821,15033,12788,13000,0
14982,300000,2,1,2,31,-1,-1,-1,-1,-1,-1,7834,1086,316,316,316,316,1093,316,316,316,316,316,1
17638,290000,2,1,2,29,0,0,0,0,0,0,10370,5681,7124,8038,4029,6059,1400,1507,2580,2050,2030,0,0
3933,230000,2,1,1,27,0,0,0,0,0,0,104001,106155,111244,116300,121346,130318,4000,6000,6000,6000,10000,11058,0
8389,180000,1,2,1,30,-1,-1,-1,-1,0,-1,375,375,375,750,375,399,375,375,750,0,399,399,1
8030,350000,2,2,1,46,-1,-1,-1,-1,-1,-1,13000,13576,15059,13000,25300,626,13576,15059,13000,25300,626,0,0
9484,70000,2,3,1,59,2,2,2,2,2,2,68766,70772,71622,68443,72210,70267,3700,2604,0,5001,9,2603,1
22574,330000,2,2,1,43,0,0,0,0,0,0,15018,17365,19114,14093,16005,4935,3000,2500,3000,3000,170,2000,0
15109,180000,1,2,1,47,0,0,0,0,0,0,179253,95170,97338,99694,65977,67415,3700,3700,4100,2360,2500,2618,0
3675,210000,2,1,2,33,-1,-1,-1,-1,0,0,27042,0,188,16464,13947,0,0,188,16476,0,0,0,0
21390,430000,1,1,1,69,0,-1,-1,-1,-1,0,3658,1962,6591,854,44275,32731,1962,6591,1026,50000,0,3000,0
5939,80000,2,2,1,46,0,0,0,0,0,0,34494,35930,37326,38203,39580,40920,2000,2000,1500,2000,2000,2000,0
27035,420000,1,1,1,46,2,2,2,0,0,0,426429,436968,428712,425345,354852,353113,19000,0,16100,13000,14064,111170,1
29272,170000,1,2,1,27,-1,-1,-1,-1,0,-1,2697,0,1409,1337,1337,53885,0,1409,1337,0,53885,2000,0
21882,160000,2,3,2,26,-1,-1,-1,-1,-1,-1,390,390,390,390,390,390,390,390,390,390,390,390,0
6510,50000,1,2,2,25,2,2,3,3,3,3,1050,1050,1050,1050,1050,1050,0,0,0,0,0,0,1
21459,130000,2,2,2,29,2,0,0,0,0,0,120844,123333,126347,129249,132093,129155,4500,5000,5000,5000,4700,5000,1
20073,230000,2,2,2,32,0,0,0,0,0,0,17957,18063,20755,23278,24083,25145,3000,3000,3000,4000,4000,3000,0
27014,50000,1,2,1,43,-1,2,-1,-1,2,-1,780,390,390,650,260,520,0,390,650,0,800,800,1
10094,210000,2,2,1,40,-1,-1,2,-1,-1,-1,2216,6142,1108,1499,2447,888,5258,0,1500,2500,1000,1500,0
22569,200000,1,2,1,32,1,2,0,0,0,0,134625,98699,74015,54472,50540,46486,341,8024,5000,8000,1821,5000,0
12978,160000,1,2,1,33,0,0,0,0,2,0,102292,105536,110390,122358,120714,124145,4500,6200,15000,0,5000,3800,0
3815,360000,2,1,1,32,-1,-1,-2,-1,0,0,249,0,0,685,685,1530,0,0,685,0,845,53,0
7339,20000,1,2,1,39,2,0,0,0,0,0,20264,20328,19299,19928,20204,20398,1500,1500,900,700,1480,0,1
24485,20000,1,3,2,48,-1,-1,-2,-1,-1,-1,170,-220,-610,390,0,19993,0,0,1390,0,20773,400,0
19594,230000,2,1,1,40,-1,-1,-2,-1,-1,-2,1163,0,1487,826,-4,-4,0,1487,830,0,0,1342,0
5123,50000,2,2,2,23,0,0,0,2,0,0,20821,11864,13094,12434,12429,12505,1190,2000,0,600,594,610,0
14907,20000,1,2,2,24,0,0,2,0,0,0,14558,17212,16635,16678,17268,17563,3200,0,600,1840,800,626,0
8225,30000,2,2,1,22,1,2,2,2,2,0,28037,29055,28303,29462,28859,29122,1745,0,3554,0,1190,1030,0
2870,300000,2,1,1,36,-2,-1,-1,-2,-2,-2,540,1283,843,0,444,0,1283,843,0,444,0,0,0
2344,80000,1,5,1,29,0,0,0,0,0,0,80534,78179,79348,81099,80540,67069,3006,2641,2827,2671,2611,2417,0
8834,90000,1,2,1,37,2,-1,-1,0,0,0,117793,93777,87401,38144,39177,36687,6732,92113,1317,1598,1461,1354,0
7934,50000,2,2,1,26,0,0,0,0,0,0,14661,11586,9275,11181,2931,27209,3000,1000,5000,0,25000,5000,0
16559,30000,1,2,2,27,3,2,2,4,4,4,1650,1650,1650,1650,1650,1650,0,0,0,0,0,0,1
20606,200000,1,1,2,30,1,2,2,2,2,2,182499,184632,180260,192260,187714,195702,6600,0,15000,0,11013,5549,1
12985,360000,1,1,1,51,0,0,0,0,0,0,353200,337593,341528,350949,355869,210989,13806,12303,15005,13729,7700,8000,0
3016,350000,1,1,1,38,-2,-2,-1,0,0,-2,16459,4120,44164,35233,884,9924,941,44743,0,884,9924,10824,1
27333,270000,1,2,1,49,0,0,0,2,0,0,157713,154413,166550,162244,126877,129903,7100,16000,7,5000,5000,5000,0
12126,20000,2,1,2,29,1,2,0,0,0,2,6345,6098,7107,7401,7826,7552,0,1118,412,694,0,300,0
3754,140000,2,2,1,37,-1,-1,-1,-1,2,-1,316,586,5842,9422,8956,316,586,5842,8956,0,316,316,0
27389,360000,1,1,2,37,1,-1,-1,-1,-1,-1,-2,513,1070,-10,2107,627,515,1075,0,2117,630,375,0
12337,50000,1,2,1,38,0,0,0,0,0,0,22178,21976,21697,20683,19283,19965,1700,1650,850,700,1000,1000,0
11546,110000,1,2,1,32,0,0,0,0,0,0,73772,75299,72978,67877,60444,61737,2765,2404,2292,2196,2300,2200,0
11358,50000,2,2,1,39,0,0,0,0,2,0,10960,12030,13125,14104,13735,14307,1250,1300,1200,0,800,600,0
2678,150000,2,1,2,37,1,-2,-1,0,0,0,0,0,584,596,596,0,0,584,12,0,0,0,0
28740,240000,2,1,2,30,-2,-2,-2,-2,-2,-2,0,0,2999,0,0,0,0,2999,0,0,0,0,0
29803,50000,1,2,2,32,0,0,0,0,0,0,52475,53600,55739,55957,29238,6119,2000,3000,1591,72,1134,73421,0
20749,360000,1,2,1,34,0,0,0,0,0,0,49792,52399,52950,44625,21906,16190,3444,3053,3122,1030,610,519,0
13377,30000,2,2,1,29,0,0,0,0,0,0,15455,6570,11000,12460,28778,24244,2000,5000,2000,17000,1500,2000,0
17988,240000,1,3,2,36,0,0,0,0,0,0,135053,141213,116710,93057,55419,59336,10000,10000,10000,5000,5000,5000,0
7887,500000,1,1,2,34,-1,-1,-1,2,0,-1,154085,4373,65539,62450,36039,2300,4373,62450,0,500,2300,211192,0
13334,50000,2,1,1,25,0,0,0,0,2,0,11324,11811,13008,12540,10746,8482,1500,1433,1465,0,500,1000,0
9587,120000,1,1,2,29,0,0,0,0,0,0,118303,98232,150952,77639,79966,61248,3358,3400,6000,3200,4000,845,1
6334,220000,2,2,1,44,0,0,0,0,0,2,136838,142250,149864,155828,178160,175140,10000,10000,10000,25000,0,20000,0
24431,160000,1,1,1,41,1,2,0,0,0,0,63446,63501,65439,66761,67628,68983,1699,2960,3007,2573,2600,3008,0
18081,170000,1,3,1,39,0,0,0,0,0,0,54397,55501,56823,56269,48558,45690,2009,2239,2067,1594,1576,1503,0
5203,60000,1,3,1,58,2,2,0,0,2,0,22658,22703,23495,24349,23960,24530,700,1546,1400,0,900,0,0
749,150000,2,1,2,31,2,-1,-1,-1,-1,-1,390,390,390,4825,5202,780,390,390,4825,5202,780,0,1
9762,360000,1,2,1,33,1,2,2,7,6,5,296148,304249,383030,377145,370850,364365,14906,97225,0,0,0,0,0
29613,20000,1,2,3,47,-1,-1,2,2,-1,-1,390,780,390,0,780,0,780,0,0,780,0,0,1
19994,250000,2,1,1,49,-1,-1,-2,-2,-1,0,1104,0,0,0,3000,1500,0,0,0,3000,0,3212,0
23191,340000,2,1,1,36,0,0,0,0,0,0,183898,185268,326074,276519,251815,218706,60075,160444,10143,7190,6283,5208,0
25537,50000,2,3,1,35,1,-2,-2,-2,-2,-2,0,0,0,0,0,0,0,0,0,0,0,0,0
17965,20000,1,3,2,45,0,0,0,0,0,0,18416,13656,9022,5961,3970,780,1303,1518,1000,79,0,0,0
25248,60000,2,2,2,23,1,2,0,0,0,0,59866,58114,25127,21111,15892,16762,0,3761,1600,881,900,852,0
5083,50000,2,3,1,57,0,-1,-1,-1,-1,-1,3964,1690,3780,1468,1468,1644,1690,3780,1468,1468,1644,1363,0
9352,260000,2,1,2,30,-1,-1,-1,-2,-2,-2,449,1340,0,0,0,0,1340,0,0,0,0,3250,0
10984,50000,2,1,1,35,0,0,0,-2,-2,-2,50456,51400,0,0,0,0,2400,0,0,0,0,0,0
23623,300000,2,2,1,40,1,-2,-2,-2,-2,-2,0,0,0,0,0,0,0,0,0,0,0,0,0
13237,70000,2,1,2,23,0,0,0,0,0,0,8878,10077,11203,11320,11487,11895,1500,1600,600,500,600,2600,0
19369,20000,2,2,1,39,0,0,2,2,0,-1,15299,14112,11221,10656,7928,580,1883,3520,0,1000,580,0,0
1192,250000,1,1,2,38,-2,-2,-2,-2,-2,-2,584,3291,8660,7495,1120,62,3307,8703,7532,1125,62,7718,0
823,150000,1,2,1,50,-1,0,0,2,0,0,55336,58255,36260,35037,34631,63156,5085,4000,0,2000,30000,5000,0
15880,90000,2,1,1,29,0,0,0,0,0,0,45343,31228,29756,27751,20292,14937,2967,2007,1429,1092,412,263,0
20499,330000,1,2,2,25,0,0,0,0,0,0,229229,227017,222040,218852,203312,196266,9520,8100,8500,7400,7200,7900,0
9421,260000,1,1,2,30,-1,-1,-1,-1,-1,-1,1943,855,7288,1055,710,755,855,7288,1055,710,755,955,0
28102,200000,2,1,2,30,0,0,0,0,2,0,89874,92567,96064,103511,100951,103364,4200,5000,9054,0,4200,4000,0
8894,400000,2,1,1,32,1,-1,-1,-1,-1,-1,0,3328,3328,3828,4893,4687,6656,3328,3828,4893,4687,3008,0
4463,50000,1,2,1,27,0,0,0,0,0,0,9837,3898,21682,20833,20289,19380,1010,21282,694,1000,700,400,0
25231,30000,2,1,2,24,0,0,0,0,0,0,21540,22236,23574,24583,24915,25280,1358,1696,1705,1037,915,929,0
29986,240000,1,1,2,30,-2,-2,-2,-2,-2,-2,0,0,0,0,0,0,0,0,0,0,0,0,0
12608,50000,2,2,2,29,0,0,0,0,0,0,9730,9067,9816,9889,8765,9136,1500,1091,1000,1000,1000,2000,0
25980,200000,2,1,2,38,-2,-2,-1,0,0,0,0,0,69084,71857,72755,34125,0,69084,3450,2348,1486,30000,0
19134,50000,2,2,1,34,2,2,2,0,0,0,46843,49378,48052,48573,28902,28205,4310,0,2033,1119,985,2000,0
14742,50000,1,3,2,31,-1,-1,-1,-2,-2,-2,44461,8635,-2550,-3300,-3300,-3300,1000,0,0,0,0,0,1
12148,110000,1,1,2,27,0,0,0,0,0,0,34314,33538,37448,34963,28197,30331,5000,5000,3000,3150,3000,3000,0
2746,310000,2,3,2,28,0,0,-1,-1,-1,-1,19610,14746,28216,4245,3500,396,10000,28216,4245,3500,396,396,0
10116,10000,1,2,2,24,1,2,2,2,2,2,4231,5508,5271,6182,5937,6838,1500,0,1000,0,1000,0,1
2385,100000,1,3,1,47,0,0,-1,-1,-2,-2,3933,2162,856,-1267,-363,-2389,1000,1000,0,5100,0,0,0
9155,490000,2,2,2,34,0,-1,-1,0,0,-1,13955,10859,57426,35554,15858,23033,52280,57428,1068,3000,23033,20225,0
1408,150000,2,2,1,41,0,0,0,0,0,0,79021,77975,74749,80757,83685,81569,4023,3016,10000,4011,3073,3005,0
16562,120000,1,1,2,28,0,0,0,2,2,0,7164,9383,16571,16607,16043,16379,2515,7703,600,0,595,599,1
19363,200000,2,3,1,43,0,0,0,0,0,0,113570,113974,117248,104889,103668,105467,4149,5571,5221,4001,4001,4001,0
10344,410000,2,1,1,53,-1,-1,-1,-1,-1,-1,4213,187,7884,1842,1129,7592,187,7898,1842,1129,7592,0,0
27758,60000,2,2,2,23,0,0,0,0,0,0,48413,52587,54733,55618,56827,58040,5000,3000,1888,2000,2000,3000,1
17616,360000,2,2,1,33,0,0,0,0,0,0,30198,58332,66062,57374,40963,100369,30000,10043,20073,30000,90000,948,0
19908,80000,2,2,1,44,-1,0,-1,-1,-1,-1,3995,2045,824,0,1000,0,1000,824,0,1000,0,0,0
24532,50000,1,2,1,36,0,0,0,0,0,0,47599,48542,49691,49172,9957,10044,2000,2200,1148,500,500,376,1
27310,220000,1,1,2,34,0,0,-1,-1,-1,0,14588,6689,4664,9530,118206,112206,5021,4674,9530,120000,0,0,0
17790,20000,1,2,2,27,-1,2,-1,-1,-1,-1,780,390,390,0,780,0,0,390,0,780,0,0,0
13077,130000,1,1,2,27,0,0,0,0,0,0,87685,89577,91199,89446,91336,84756,3300,3130,3100,3200,3100,3100,0
22091,320000,2,2,1,28,0,0,2,0,0,0,320635,313060,293055,269585,248093,239025,12500,22,11155,9100,8700,9183,1
28575,180000,2,1,2,30,1,-1,0,0,-1,-1,0,3095,7843,13084,926,711,3095,5000,6022,2566,711,2419,0
20570,20000,1,2,1,27,-1,-1,-1,-1,-1,-1,690,665,1164,1523,1228,500,665,1164,1523,1228,500,0,0
17892,100000,1,2,2,29,2,0,0,0,0,2,43531,45103,45779,46912,49715,48791,2600,2200,2200,3900,0,6100,1
16839,30000,1,2,2,43,2,2,2,2,2,2,14697,17332,16770,18483,17888,19097,3200,0,2300,0,1500,0,1
6554,170000,1,3,1,43,-1,-1,-1,-1,-2,-2,19247,1230,2910,0,0,0,1230,2910,0,0,0,0,0
19639,340000,2,4,2,29,0,0,0,0,0,0,262621,167331,169625,104501,102700,103824,24298,7068,8015,10053,15000,9507,0
18296,360000,1,3,2,54,-2,-2,-2,-2,-2,-2,0,0,0,0,0,0,0,0,0,0,0,0,1
2878,160000,2,2,2,23,0,0,2,2,0,0,122339,137278,136572,95115,96847,101443,18518,3358,0,3200,8000,4366,0
2984,360000,2,1,2,37,-1,-1,-1,-1,-1,-1,3355,5865,3300,6290,8220,28410,5865,3300,6290,8220,28410,4845,0
17412,20000,2,3,1,38,0,0,0,0,0,0,15894,15354,14786,16457,15423,14837,1225,1329,2000,2000,700,1500,0
15164,30000,2,2,2,22,-1,0,0,0,0,0,2006,3116,28844,25317,25885,25165,1157,25885,1500,2170,1000,1000,0
2155,50000,2,2,2,25,0,0,0,0,0,0,23529,27889,22800,21930,23183,17613,4820,1500,1000,2000,1000,500,0
18702,250000,2,2,2,25,0,0,0,0,0,3,25823,26114,27446,28371,4715,4358,1500,1575,1500,1000,0,0,0
7669,440000,2,2,2,34,-2,-2,-2,-2,-2,-2,0,200,751,2674,317,565,200,751,2700,320,570,0,0
15245,80000,2,2,1,37,-1,0,0,2,2,2,28652,29869,33071,33531,34184,33503,2000,4000,1300,1500,0,1300,0
16859,160000,1,1,1,47,1,2,2,2,2,3,58706,57384,59875,61518,65152,64074,0,3200,3000,5000,0,3000,1
13963,30000,2,3,1,54,2,2,2,0,0,2,23498,26400,25682,26155,27972,27374,3600,0,1200,2400,0,2300,1
219,110000,2,3,0,31,0,0,0,0,0,0,89989,84229,79288,73315,63818,63208,4000,5000,3000,3000,3000,8954,0
23289,160000,2,3,1,34,-2,-2,-2,-2,-2,-2,717,594,1217,697,650,691,597,1223,700,653,691,17,0
2215,50000,1,3,2,41,0,0,2,0,0,0,22358,23257,23192,24073,21759,21959,1900,1000,1500,891,1000,700,0
6582,240000,1,3,1,40,2,3,3,2,2,2,213732,217347,217329,211132,219202,223434,8500,5000,0,16000,8000,0,1
27604,100000,2,2,2,28,0,0,0,0,0,0,50697,51813,53416,32422,33177,42560,1959,2545,1513,1268,10000,10000,0
19378,50000,2,2,2,41,0,0,0,0,-2,-2,43885,45408,36025,0,0,0,2408,2025,0,0,0,0,1
7541,210000,2,2,2,33,0,0,0,0,0,0,19951,21620,23251,24358,25805,27168,2000,2000,1500,2000,1800,1500,0
14978,200000,1,1,1,29,-1,-1,-1,-1,-1,-1,9585,1686,820,1889,6617,3986,1735,824,1889,6617,3986,2460,0
10130,70000,2,1,1,25,1,-2,-2,-1,2,-1,0,0,0,398,248,3408,0,0,398,0,3408,1067,0
5707,350000,2,1,3,48,-1,-1,-1,-1,-1,-1,181212,6021,154505,19653,26963,55533,6046,157181,19751,27070,55613,11811,0
5955,200000,1,2,2,26,0,0,0,0,0,0,103194,107027,107765,109970,113436,115402,5500,4000,4000,5242,5000,4400,0
540,110000,2,2,1,40,1,2,2,2,2,2,92638,90905,95768,97004,99005,101213,600,7300,3700,3700,4000,3800,0
21665,50000,2,1,2,22,0,0,0,0,0,0,49772,50537,49556,49902,38391,29427,1778,2110,1456,1360,1057,1069,0
21569,80000,2,1,2,25,2,0,0,0,0,0,69614,68836,69714,57318,46921,41072,3238,3103,3000,1800,1500,1700,1
28983,240000,2,1,2,33,0,0,0,0,0,0,99938,92104,85194,83021,78556,78495,3500,4200,3600,3000,3000,3000,0
7429,130000,2,1,2,32,0,0,0,0,0,0,126080,129104,130745,127344,127809,119976,7000,8000,5000,4500,4500,5000,0
20727,60000,1,2,1,41,0,0,2,-1,-1,-1,27130,32932,31938,1236,720,16884,6300,0,1236,720,17000,0,1
4183,80000,1,2,2,28,0,0,0,0,0,0,49302,35916,25528,26034,26615,28173,1412,1425,931,1000,2000,2000,0
18703,130000,2,1,2,27,0,0,0,-1,0,0,58811,44572,10348,104698,88251,90189,1500,2753,110094,3002,3200,3100,0
15416,170000,2,1,1,52,-2,-1,0,0,-1,-1,416,2939,5447,416,7509,6387,2939,3000,5,7509,6387,1666,0
12156,50000,1,1,2,25,-1,3,2,0,0,-1,1304,978,652,326,0,1454,0,0,0,0,1454,0,1
581,30000,1,2,2,28,1,-1,-1,-2,-2,-2,0,780,0,0,0,0,780,0,0,0,0,0,1
2170,230000,2,1,2,30,1,-2,-2,-2,-2,-2,0,0,0,0,0,0,0,0,0,0,0,0,0
24421,500000,1,2,1,38,-1,-1,-1,-1,0,-1,6178,825,2122,34159,3340,24752,829,2133,34313,17,24875,839,0
252,30000,1,2,2,28,0,0,0,0,0,0,29242,29507,29155,25255,22001,0,5006,1244,851,955,0,0,0
15694,360000,1,1,2,29,0,0,0,0,0,0,109997,205119,209680,213527,174907,126309,100000,8270,8423,6753,5139,5000,0
9973,300000,2,1,2,39,-1,-1,-2,-2,-2,-2,2019,-1,-1,-1,-1,-1,1,0,0,0,0,2774,1
16182,190000,2,3,1,37,-1,-1,-1,0,0,0,752,1302,18666,19623,21268,23038,1302,18666,2000,3000,3000,1200,1
11491,500000,2,2,1,37,0,0,0,0,0,0,71455,79079,73583,79481,115741,168319,10004,10104,10000,40000,10000,10000,0
9146,110000,2,4,1,37,0,0,0,0,0,0,70204,69876,69584,59666,60916,61423,2745,2800,2200,2200,2207,3003,0
29433,130000,1,2,2,30,-1,2,2,2,-1,-1,780,780,390,0,780,0,390,0,0,780,0,0,0
25792,360000,2,2,1,45,0,0,0,0,0,0,222505,199464,182886,109556,111286,90580,8000,7565,4100,4027,3445,2000,0
5773,20000,2,1,2,22,-2,-2,-2,-2,-2,-1,-9,-9,904,304,0,302,0,913,304,0,302,7676,0
26748,50000,1,1,2,29,-1,-1,-1,-1,-1,-1,2159,1956,5592,10676,671,9826,1961,5608,11906,673,9855,7627,1
2327,80000,2,2,2,40,0,0,0,0,0,0,33918,50878,51787,52422,53608,50312,20000,2400,2000,2100,2500,2000,0
15432,150000,1,2,2,28,0,0,0,0,0,0,134218,118580,95916,82867,58995,59799,4465,10629,3500,1833,1886,1610,0
432,390000,2,1,2,27,0,0,0,0,0,0,304867,299998,300426,292869,292885,281826,13007,10612,10041,11000,10512,7000,1
10770,50000,2,2,1,42,0,0,0,0,0,0,49401,47828,48416,20098,20130,20158,2100,2000,702,718,730,632,0
2534,70000,2,2,2,23,0,0,0,0,0,0,22658,31647,24487,25125,26651,26125,9397,1487,1039,2073,1045,1231,0
2459,80000,2,2,2,25,1,2,2,2,2,2,28789,31026,31401,31986,32468,31794,2998,1183,1400,1139,0,1178,0
19188,300000,2,2,1,45,0,0,0,0,0,0,343205,335000,322462,312973,262255,251413,12429,11254,10956,8587,8638,9284,0
27237,90000,1,2,1,39,0,0,0,0,0,0,88081,83960,84963,56089,57355,58394,3244,2600,2037,2200,2110,7000,1
22293,70000,2,1,2,29,0,0,0,0,0,0,61217,62601,63990,64355,56195,43803,3000,3000,3000,1900,1600,2600,0
11214,120000,1,2,2,34,-2,-2,-2,-1,-1,-1,67,0,0,222,836,1259,0,0,222,836,1259,2797,0
507,500000,2,2,2,43,-1,-1,-1,0,0,-1,3959,0,285138,249445,222831,200,0,285138,4989,100,200,528666,0
23114,180000,2,2,1,31,0,0,0,0,0,0,115400,26721,8581,2475,2654,2676,2006,1407,1000,1000,1000,1107,0
18781,400000,2,1,2,29,-1,-1,-2,-2,-2,-2,1158,95,0,0,0,0,95,0,0,0,0,0,0
19084,70000,2,3,2,32,2,2,2,0,0,2,23741,26021,24419,23541,10576,6985,4000,0,2000,1000,0,4000,1
17896,20000,1,1,2,28,0,0,0,0,2,2,3202,4978,7720,9907,9627,11500,2000,3000,2500,0,2000,5,0
19008,230000,2,1,2,30,-2,-2,-2,-2,-2,-2,0,0,846,846,0,846,0,846,846,0,846,500,0
19692,30000,2,2,2,33,-2,-2,-2,-2,-2,-2,498,4831,477,8560,1550,955,4831,477,8561,1550,955,570,0
27095,190000,1,3,2,35,0,0,0,0,0,0,170928,170290,175630,171572,161319,151119,6500,8031,7510,5500,6000,5500,0
23181,200000,2,1,2,35,-2,-2,-2,-2,-2,-2,441,0,3514,4042,8606,1870,0,3514,4042,8606,1870,10332,0
12628,340000,2,2,2,32,-2,-2,-2,-2,-2,-2,0,0,2500,2500,0,0,0,5000,0,0,0,0,1
3836,400000,2,1,2,30,-1,-1,-1,-1,-1,-1,14013,5422,15941,5776,5448,15435,5460,16020,5805,5475,5634,6182,0
1332,50000,2,2,2,28,0,0,0,0,0,0,48072,49518,49500,19600,20000,0,2518,1500,500,400,0,0,0
21468,230000,2,1,2,26,0,0,0,0,0,0,166511,159766,142435,136502,122572,110839,6722,6500,6020,4056,4000,4500,0
23830,240000,2,3,1,50,0,0,0,0,0,0,242152,237635,242191,212879,185490,188850,8000,8000,7000,6000,6000,7000,0
2543,100000,1,1,2,28,0,0,0,0,0,0,72970,100360,91329,76840,77455,79472,30000,4094,2900,2850,3300,3123,0
28614,240000,2,1,1,40,1,-1,-1,-1,-1,-1,0,9965,4100,4100,4100,4100,9965,4100,4100,4100,4100,4732,0
21997,160000,2,1,2,27,-2,-2,-2,-2,-2,-2,1040,1188,1276,372,372,372,1320,1276,372,372,372,372,0
11901,210000,1,2,2,35,1,-2,-2,-2,-2,-2,0,0,0,0,0,0,0,0,0,0,0,0,0
25874,60000,2,2,3,39,1,1,-2,-2,-2,-2,58574,-1540,-1930,-2320,-1220,0,0,0,0,2000,2000,0,1
26227,100000,2,2,1,29,-2,-2,-2,-2,-2,-2,0,0,0,0,0,0,0,0,0,0,0,0,0
15807,100000,2,1,2,27,0,0,0,0,0,0,81152,81912,83231,62421,63814,65164,3000,2700,2270,2433,2530,2400,0
9557,280000,1,2,2,29,0,0,0,2,2,0,255317,259137,276794,281455,276403,234607,9439,22000,10694,0,8475,9266,1
7569,30000,1,2,2,30,2,2,2,2,2,2,20732,21451,20808,21761,22762,23139,1347,0,1300,1500,900,0,1
3509,210000,2,1,2,33,-1,2,2,-1,-1,-1,970,2273,1303,5385,1814,0,1303,3,5387,1814,0,0,0
8836,430000,2,2,1,32,-2,-2,-1,2,0,0,-15308,-33350,95740,77875,62675,48764,8,145740,7,2500,2021,2000,0
18786,210000,2,1,2,27,0,0,0,0,0,0,16186,16914,18288,19301,19383,19940,1300,1650,1620,700,870,880,0
29858,50000,1,2,1,47,0,0,0,0,0,0,11325,12335,13431,14439,14602,14918,1504,1600,1537,700,700,600,0
23589,360000,2,5,1,39,-1,-1,-1,-1,0,-1,3102,552,31029,7731,1154,799,552,31051,7731,0,799,3238,0
28269,120000,2,2,1,34,1,-2,-2,-2,-2,-2,0,0,0,0,0,0,0,0,0,0,0,0,0
5846,60000,2,2,1,59,4,4,5,4,3,2,56998,59111,59595,58079,56892,55826,3601,2000,0,0,0,4000,0
26478,80000,2,3,1,65,0,0,0,0,0,0,82074,80260,82116,80299,81416,81617,3470,3750,3520,3069,3271,3262,0
24200,220000,1,3,1,30,2,-1,-1,-1,-1,-1,780,390,0,780,0,780,390,0,780,0,780,390,1
28882,60000,2,3,1,39,1,2,0,0,2,0,31011,29565,31123,34134,23552,24020,0,3000,3638,0,1000,3000,0
4847,20000,2,2,2,22,0,0,0,0,0,0,17958,18499,19762,19807,19830,20347,1329,1592,637,700,827,357,0
4987,260000,2,2,2,29,-2,-2,-1,0,0,-1,-5,-5,9571,7235,0,197,0,9576,29,0,197,568,0
23401,210000,2,1,1,40,-2,-2,-2,-2,-2,-2,0,0,0,0,0,0,0,0,0,0,0,0,0
25571,360000,2,2,2,34,0,0,0,0,0,0,282674,277569,246380,236139,241056,246297,12200,10500,8500,8750,9200,9800,0
20264,20000,2,2,1,51,0,0,0,2,0,0,5411,6279,8163,8874,9722,12386,1116,2000,1000,1000,3000,0,0
20858,200000,1,3,1,41,0,0,0,0,0,0,171929,157860,145044,137480,6320,780,7000,8080,6000,0,0,0,1
26824,50000,1,1,2,32,0,0,0,0,0,0,18741,12724,13804,15331,15159,10188,1724,1804,2721,1159,1188,733,0
9319,200000,2,3,1,41,2,0,0,0,0,0,199802,195038,129415,88682,74132,71281,9231,4872,2894,2637,2591,2410,0
25508,380000,2,2,1,30,0,0,0,0,0,0,295618,232987,105800,52296,196448,168405,13437,6068,2462,168159,5248,5540,0
14849,130000,1,2,2,27,0,0,0,0,0,0,116646,113851,110317,108099,106028,104253,5578,4000,3863,3831,4136,5385,0
7844,280000,1,2,1,28,0,0,0,0,0,0,24189,25294,26667,26926,27492,28333,1500,1800,1000,1000,1300,1000,0
28649,140000,2,2,1,34,0,0,0,0,0,0,141066,129173,116858,105786,93273,91207,4873,4691,4000,4000,4000,4000,0
29985,30000,1,2,2,38,-1,-1,-2,-1,-1,-1,315,923,2939,1993,1907,3319,923,2977,1999,3057,3319,1000,0
13050,50000,2,3,1,33,1,2,0,0,0,0,51421,50322,49741,28442,28597,29375,0,1379,945,2002,2008,1002,1
25101,110000,1,3,1,51,-1,-1,-1,0,0,0,2132,1946,27162,26693,25243,23783,1946,27162,2000,812,799,933,0
14858,100000,2,1,2,30,-1,2,0,0,-1,-1,14729,5691,11440,7470,44097,56328,0,6000,0,44097,15000,0,0
25015,20000,1,2,2,53,0,0,0,0,0,0,17053,18952,15732,17330,17150,18150,2219,2000,2000,1000,1000,0,1
10741,360000,1,2,1,63,1,-2,-1,-1,-1,-1,-3,-3,590,-10,2162,3528,0,593,0,2172,3545,0,1
16096,140000,2,2,1,36,1,2,3,2,0,0,59379,63007,61459,59798,61287,8383,5200,0,0,3009,1000,94000,0
2210,50000,2,2,1,41,0,0,0,0,0,0,21910,23251,24059,24658,25212,25642,2000,1500,1000,1100,1000,1000,0
18842,130000,2,2,1,29,1,-2,-2,-2,-2,-2,0,0,0,0,0,0,0,0,0,0,0,0,0
28274,230000,2,1,2,31,-2,-2,-2,-2,-2,-2,-7,6785,0,147,0,0,6792,0,147,0,0,176,0
22374,420000,2,2,1,32,0,0,0,0,0,0,546485,228070,184810,131304,110930,84193,18546,8931,4940,1796,3100,133131,0
2268,230000,2,2,1,33,0,0,2,-1,0,0,9530,12872,3724,153400,14788,21258,7000,0,153400,8000,10000,6000,0
5228,250000,2,1,1,45,0,0,0,0,0,0,214000,90010,78886,79845,79323,77788,3188,3282,2698,2752,2843,2511,0
28303,260000,2,2,1,34,0,0,0,0,0,0,198788,195154,191504,168983,160592,156826,6105,6345,7027,6000,5000,7000,0
21580,60000,2,2,1,30,0,0,0,0,0,0,65460,64128,62736,59133,57662,53059,2299,2232,2152,2226,1908,1933,1
20124,240000,2,2,2,32,0,0,0,0,0,0,132252,135069,136408,139192,142111,145165,6500,5000,5057,5239,5500,5000,0
17894,200000,1,1,2,30,-1,-1,-1,-1,0,0,6589,3423,2785,54271,60326,63339,3449,2798,54271,7000,4000,6000,0
20929,360000,1,1,2,33,-2,-2,-2,-2,-2,-2,780,286,0,0,390,-200,286,0,0,390,0,0,0
13024,80000,1,1,1,28,0,0,-2,-2,-2,-2,78429,0,0,0,0,0,0,0,0,0,0,0,0
20738,20000,1,3,2,24,5,4,3,2,2,-2,21151,20537,19933,19167,18767,18767,0,0,0,0,0,0,0
27368,50000,1,2,2,28,2,2,2,2,2,0,45769,47213,48162,48576,43700,44853,2500,2000,1523,200,2000,3388,0
11742,180000,1,2,1,26,-1,-1,-1,-1,-1,-1,396,396,396,396,396,396,396,396,396,396,396,396,0
6549,20000,2,1,2,46,0,0,0,0,0,0,12146,7698,6005,6411,3125,3164,1273,1039,1000,123,101,48,0
3284,230000,2,1,2,27,0,0,0,0,0,0,92167,92799,94328,96203,98474,98835,3340,3401,3420,3797,3476,2818,0
15616,60000,2,2,2,28,2,0,0,0,2,-1,5669,6328,8460,10146,9413,15997,2000,3000,2500,0,15997,3000,1
23663,70000,2,3,1,48,2,2,2,2,2,2,62775,64139,65516,65945,66267,68549,3000,3000,2100,2000,3500,800,1
2278,160000,2,3,1,53,-1,-1,-1,-1,-1,-1,2475,2475,5175,2475,3975,8175,2475,5175,2475,3975,8175,138,0
26052,280000,2,3,1,46,0,0,0,0,0,0,100858,107768,111858,83428,73908,81908,7768,5000,10000,0,8000,0,0
12356,100000,2,2,1,29,0,0,0,0,0,0,49707,48657,49699,47635,48664,49578,2000,2000,1691,1782,1739,1400,0
16487,120000,2,2,1,54,0,0,0,0,0,0,89197,87088,85280,83873,78945,80597,3072,3074,2887,2774,2871,3000,0
19537,30000,2,3,1,44,2,0,0,0,0,0,26627,27631,29179,30146,26371,27567,1452,2000,1500,933,2000,3000,1
18675,230000,2,2,2,28,0,0,-1,-1,-1,-2,24867,24437,3900,870,0,0,4300,3900,870,0,0,0,0
8698,250000,2,1,2,30,0,0,0,0,0,0,156155,153647,153535,153122,149564,152470,5560,6809,5443,5376,5665,6000,0
22566,500000,1,1,2,31,-2,-2,-2,-2,-2,-2,26760,747,2652,-11,-213,-213,750,2676,1,0,0,0,0
16381,90000,2,1,2,33,0,0,0,2,2,2,33035,34178,36133,38240,37325,39725,2000,2500,3000,0,3000,2000,1
25296,60000,2,2,2,24,0,0,0,0,0,0,50840,49592,44412,45402,35704,36524,2100,1847,1837,1139,1254,1387,0
28682,50000,2,2,2,30,0,0,0,0,0,0,46795,46285,43282,14713,19583,14959,2169,1966,1130,5000,1000,441,1
24993,500000,1,1,1,31,1,-2,-2,-2,-1,0,0,0,0,0,881,881,0,0,0,881,0,0,1
29670,110000,1,1,2,39,0,0,0,0,-2,-2,18310,19327,20650,0,0,0,1327,1650,0,0,0,0,0
5838,10000,1,2,2,26,2,2,7,7,7,7,2400,2400,2400,2400,2400,2400,0,0,0,0,0,0,1
10237,220000,2,2,1,33,-2,-2,-2,-2,-2,-2,9649,8300,1590,1341,8171,14253,8300,1590,1341,8171,14253,3513,0
22826,50000,2,1,2,31,1,-2,-2,-2,-2,-2,0,0,0,0,0,0,0,0,0,0,0,0,1
281,30000,2,1,2,27,0,0,-1,0,0,-2,1512,2458,664,1814,0,0,1000,664,1500,0,0,0,0
22378,220000,2,2,2,28,0,0,0,0,0,0,43436,46883,44179,44704,44997,45199,5012,2500,2000,2000,3000,3000,0
25275,80000,2,3,2,22,0,0,0,-1,-1,0,23023,23480,0,780,23818,23917,2100,0,780,23818,1011,1000,0
5162,20000,1,1,2,22,0,0,2,0,0,0,18523,17889,16473,19004,19254,16287,3500,0,3000,574,539,342,1
29753,200000,1,1,2,39,1,-2,-2,-2,-2,-2,0,0,0,0,0,0,0,0,0,0,0,0,0
3692,500000,1,1,2,39,-2,-2,-2,-2,-2,-2,12106,12559,18993,50199,22879,16070,13351,18997,50933,24652,18060,3306,0
5917,150000,2,2,1,44,0,0,0,0,0,0,17723,19440,14945,12966,14882,8105,2019,2020,2000,2000,2000,1000,0
11580,90000,2,3,1,39,0,0,0,-1,-1,-1,4968,4713,2290,1764,1728,1954,1203,1005,1764,1728,1954,1416,0
18080,50000,1,2,2,42,0,0,0,0,0,0,49495,50586,49200,49763,18373,19187,3000,3000,3003,5000,2000,1500,0
19538,50000,2,2,2,40,0,-1,-1,-1,-2,-2,19869,15584,4377,0,0,0,15584,4377,0,0,0,0,0
26025,50000,2,2,2,31,0,0,0,0,0,0,77962,48095,50383,48987,48793,48328,3000,3387,1637,1231,3356,636,0
29720,20000,1,3,1,34,0,0,0,0,0,0,17692,17293,16803,16525,16185,-2623,2000,2004,1500,1500,0,19500,0
21741,50000,2,1,2,24,2,2,2,2,0,0,45049,43379,46097,44187,43165,37967,0,3628,8,1500,1490,1303,1
25745,240000,2,1,1,33,-1,-1,-2,-2,-2,-2,2193,0,0,0,2500,0,0,0,0,2500,0,880,0
20554,80000,1,1,2,28,0,0,0,0,0,0,75923,57259,50845,36207,32515,15128,2500,2548,2500,1100,1000,1000,0
11704,330000,1,1,2,36,-2,-2,-2,-2,-2,-2,-10,-10,-10,-10,-10,-10,0,0,0,0,0,0,0
11516,300000,1,1,2,33,0,-1,0,0,0,-1,1617,7785,3420,814,-494,8006,7785,3000,0,0,8500,0,0
9008,200000,2,1,1,58,-2,-2,-2,-2,-1,-1,-200,-200,-200,0,5957,0,0,0,200,5957,0,0,0
11744,70000,1,2,2,31,0,0,2,2,3,2,5942,8176,8891,9522,9084,8792,2500,1000,923,0,0,400,0
28263,160000,2,2,1,34,-2,-2,-2,-2,-2,-2,390,390,390,390,390,584,390,390,390,390,584,91,0
16471,240000,2,1,1,58,-1,-1,-1,-1,-1,-1,7217,8204,3001,6861,4681,2729,8210,3001,6866,4681,2729,3138,0
13678,90000,1,2,1,50,0,0,0,0,0,0,85241,86576,86914,28698,29722,29400,3600,2196,1027,1486,588,352,0
20165,120000,2,1,1,36,-1,-1,-1,-1,0,-1,2779,6375,1086,1230,1230,2806,6428,1086,1230,0,2806,1750,1
16787,90000,1,2,2,29,0,0,0,-2,-2,-2,70559,51550,0,0,0,0,3000,0,0,0,0,0,0
29323,40000,1,2,2,27,1,3,2,2,3,2,40933,39630,40340,42332,41023,42722,0,2000,3304,0,3000,1200,0
15695,250000,1,1,2,31,1,-2,-1,-1,-1,-1,-160,-550,450,330,-60,1540,0,1390,660,0,1600,3000,0
17337,300000,2,2,1,36,-1,0,0,0,0,0,6447,14383,15576,16524,17096,12144,10000,2000,1500,1000,1000,1000,0
3737,430000,2,1,2,31,-2,-2,-1,0,0,0,10226,5671,52983,70672,52378,56360,5873,52983,35002,10203,7500,10000,0
25486,250000,2,1,2,31,0,0,0,0,0,0,67492,67875,67448,68165,68787,70111,3500,2658,3000,4000,3000,2500,0
3645,30000,1,2,1,34,2,0,0,0,0,2,27358,25652,26723,27104,28616,29102,1750,1800,1118,2100,1100,0,0
7200,200000,2,2,1,33,0,0,0,0,0,0,23762,25944,26988,25237,22131,13774,4000,2000,600,3000,4000,100,0
25367,80000,2,1,2,25,0,0,0,0,0,0,40764,41765,42251,46475,48156,50419,2000,1776,5000,3000,5000,2500,0
24938,450000,1,1,1,37,1,2,0,0,0,0,387192,379442,387398,395655,403568,418182,0,14062,14700,14500,21077,12575,1
21307,110000,1,2,1,51,0,0,0,0,0,0,45012,45964,46922,48140,49339,50542,2000,2000,2000,2000,2000,3000,0
29366,50000,1,2,2,24,0,0,0,0,0,0,10912,10401,20916,20658,9426,8215,2152,1209,1080,438,434,390,0
21525,130000,2,3,2,23,2,-1,0,0,0,0,1330,5719,15578,19887,11659,11735,5719,10000,5000,2000,2000,2000,1
21720,30000,2,2,1,21,0,0,0,0,0,0,28404,29009,29831,29992,21754,18519,1467,1679,1230,827,1000,1000,0
1839,110000,2,2,2,36,0,0,0,0,0,0,116486,105604,96945,74171,70012,62256,4353,3294,5000,8300,5000,5000,0
29916,10000,1,2,2,32,2,0,0,0,0,0,9299,9576,9028,9644,9790,9990,1132,1384,1000,196,200,0,0
10986,140000,2,2,1,38,-1,-1,-1,-1,-1,-1,1156,316,1156,736,316,1156,316,1156,736,316,1156,316,0
9305,20000,1,2,2,30,0,0,0,0,0,0,39508,16063,17090,17506,17924,18526,2546,1300,700,700,900,600,0
12801,10000,1,3,2,36,0,0,0,0,2,0,6470,7404,8415,9075,8785,8959,1200,1440,800,0,320,900,1
1459,90000,2,3,2,24,-1,-1,-1,-1,-1,-2,595,207,18189,557,0,0,207,18281,557,0,0,0,1
1094,360000,1,2,1,41,1,-2,-2,-2,-2,-2,0,0,0,0,0,0,0,0,0,0,0,0,1
4151,200000,1,3,1,34,0,0,0,0,0,0,192910,199344,186878,140743,129806,121623,10000,10000,6000,10000,10000,5000,0
11010,180000,2,1,2,26,-1,-1,-1,-1,-1,-1,873,7233,2701,1900,45517,9451,7233,2701,1900,45517,9451,5795,0
27070,150000,1,1,2,35,0,0,0,0,0,0,150359,147471,151713,130107,78623,79743,15000,20000,5000,2000,7000,15000,0
9191,60000,2,2,1,24,3,2,2,2,0,0,33866,33041,35284,31602,32221,30208,0,2900,0,1200,1409,1115,1
4934,140000,2,2,2,24,0,0,0,0,0,0,38483,43627,35893,40883,16256,14354,10169,20000,15000,628,1392,1200,0
14467,420000,1,1,1,47,-1,-1,-1,-1,-1,-1,10517,15571,9090,9622,10223,3942,15585,9100,9628,10223,3942,3754,0
4558,160000,2,1,1,39,0,0,2,0,0,0,43583,50028,48928,49812,50855,52354,7500,0,2000,2000,2500,2100,0
11490,360000,2,1,1,48,-1,-1,-1,-1,-1,-1,8243,10742,3300,0,1270,0,10752,3300,0,1270,0,889,0
12076,120000,2,2,1,42,-1,-1,-1,-1,-1,-1,499,499,499,499,499,1148,499,499,499,499,1148,0,0
25103,50000,1,2,1,54,2,2,2,2,0,0,49264,50310,50782,49335,50133,51071,2500,1900,0,1937,2224,2148,1
16799,10000,1,3,1,41,1,4,3,2,0,0,10711,10399,10092,9700,10000,9900,0,0,0,302,0,0,0
20072,270000,2,1,2,36,0,0,0,0,0,0,16699,17908,19114,20341,20617,16223,1800,1500,1600,830,1000,1000,0
14420,440000,2,2,1,45,-1,-1,-1,3,2,2,600,-420,417,2217,1321,8879,0,1937,1800,0,8480,0,1
28247,160000,2,1,1,41,-1,-1,-1,-1,-1,-1,24411,7944,1080,0,40100,18899,7944,1080,0,40100,18899,4180,0
25391,220000,2,2,2,29,0,0,2,0,0,0,43596,45765,41308,39770,31840,33173,6000,2,3006,2000,2000,1500,0
24998,210000,1,3,2,48,0,0,0,0,-1,-1,200822,206893,94347,-342,658,1758,11477,3658,0,1000,1800,14015,0
17280,30000,2,2,1,35,1,-2,-1,0,-1,0,0,0,12403,17849,4935,6491,0,12403,8359,4935,3000,1000,0
6483,190000,1,2,2,26,0,0,0,0,0,0,155260,136185,139013,140035,146365,148961,7416,6900,5100,10000,5500,6700,0
8022,80000,2,2,1,40,2,2,2,2,0,0,78610,80666,82713,80838,49575,48354,3900,4000,0,1920,1800,1800,1
9102,50000,2,2,2,26,0,0,0,-1,0,0,48801,50140,48776,19251,19650,14974,2144,1000,19251,622,558,290,0
17478,60000,2,2,1,30,1,2,0,0,2,2,14135,13616,16065,18092,17504,19216,0,3000,2300,0,2000,0,1
8591,160000,2,3,2,24,0,0,0,0,0,0,153470,151486,153378,93971,96587,96623,10000,4600,4800,5000,3000,1000,0
29162,10000,2,3,2,53,2,2,2,2,0,0,9917,6615,8355,8000,9000,10000,3400,2000,0,1000,1000,9000,1
24517,80000,1,2,1,43,-1,-1,0,0,0,0,435,4495,5333,7136,7599,7554,4495,1500,2500,1000,500,1000,0
27276,200000,1,2,1,44,-1,-1,-1,-1,-1,-1,4735,3668,21602,3760,2925,16751,3679,21666,4971,2933,16759,5010,0
23874,80000,1,1,2,27,0,0,0,0,0,-1,74413,76817,74554,43727,16307,1755,7000,3000,1400,326,1755,0,0
29364,390000,1,2,2,29,-1,-1,-1,0,0,-2,6664,6931,5985,7151,-200,-200,6931,5985,7000,0,0,0,0
1505,310000,2,2,1,39,0,0,0,0,0,0,7246,6713,9507,8894,7418,12154,1155,4507,1000,283,7482,2473,0
9938,70000,2,2,2,29,0,0,2,-1,0,0,4059,5791,208,4170,4563,5331,2000,0,4170,1000,1000,1000,0
10941,270000,2,1,1,36,-2,-2,-2,-2,-2,-2,3291,0,0,0,0,0,0,0,0,0,0,0,0
20296,260000,2,3,1,52,1,2,0,0,0,0,9979,9371,18488,27022,28402,800,0,10000,11264,1580,2,1098,1
3951,120000,1,3,1,30,2,2,2,0,0,2,122246,124010,120459,121749,81046,79608,6000,0,5020,6100,0,2800,0
6440,230000,2,1,2,33,-2,-2,-2,-2,-2,-2,4533,0,510,0,162,0,0,510,0,162,0,0,0
13621,50000,1,2,1,49,0,0,0,0,0,0,28788,21485,18800,17272,14226,14991,1377,1500,500,2000,1000,2000,0
14305,60000,1,2,1,41,0,0,0,0,0,0,95648,56259,49425,16941,13349,14826,5000,4731,2000,10000,3000,5000,0
22095,230000,2,2,1,28,2,2,2,2,2,2,35610,38701,35043,35678,36730,35994,3706,0,1513,1730,2000,9000,1
15950,120000,2,2,2,28,0,0,0,0,0,0,67087,66665,67525,67091,67419,67711,2400,3040,2400,2500,2450,2500,0
28191,80000,2,3,3,43,0,0,-2,-2,-1,-1,3408,-11,-11,-11,2429,905,0,0,0,2440,905,9213,0
13066,80000,2,2,2,30,0,0,0,0,0,0,79194,80575,76782,48643,49263,49869,3077,2291,1723,1775,1802,1763,0
13252,120000,2,1,2,26,0,0,-1,0,0,-1,1379,9839,4390,850,850,831,9000,4390,0,0,831,6000,0
29167,30000,2,3,1,53,0,0,0,0,0,0,8615,9960,11492,12391,12891,9069,1500,1700,1500,500,1000,0,0
7745,50000,2,1,2,24,0,0,0,0,0,0,50537,44686,38493,33769,34211,34944,2554,1900,1355,1300,1300,1500,0
26228,610000,2,1,2,38,0,0,0,0,0,0,608594,624475,632041,516575,454845,456596,26868,22375,17221,15300,16000,18000,0
7757,460000,2,1,2,29,0,0,0,0,0,0,170894,160223,160894,165246,169983,173330,7018,7000,7002,8007,8038,6052,0
1414,240000,1,2,1,30,-1,-1,-1,-1,-1,-1,2816,7608,26832,3518,1280,5900,7608,26834,3518,1280,5900,1319,0
6530,20000,2,2,2,23,0,0,0,0,0,0,16740,17451,18141,18239,18302,18337,1600,1600,1000,663,654,651,0
1124,200000,2,2,1,41,0,0,0,0,0,-1,18012,18367,16996,11461,8150,5584,1385,1020,229,183,5584,888,0
16335,60000,2,2,1,36,0,0,0,0,0,-1,59945,57262,27275,22095,14293,12217,1805,5816,1000,5000,12217,8000,0
5247,300000,2,1,2,27,-2,-2,-2,-2,-2,-2,3102,1499,318,2488,187,607,1506,319,2488,187,607,1945,0
12154,70000,2,2,2,23,-1,-1,-1,0,0,0,1823,326,6598,6405,7248,8090,326,6598,227,1270,1296,271,0
19642,380000,2,1,2,29,0,0,0,0,0,0,384979,276655,174060,172167,142135,152135,20000,9500,4180,0,10000,5000,0
25209,80000,2,2,2,23,0,0,0,0,0,0,51980,36668,39291,43476,46115,42129,6670,5000,5002,4003,3000,3002,0
9435,10000,2,2,2,22,-1,-1,0,0,0,0,656,8748,9644,9541,8971,9645,10128,1200,400,323,1600,300,0
7470,230000,2,2,1,35,0,0,0,0,0,0,76050,76921,65452,61129,55199,55380,3000,4000,3000,3000,2000,3000,0
29012,580000,2,2,1,34,1,2,0,0,0,0,420115,405932,437254,477809,486721,498316,0,38001,50000,16881,18887,16846,1
11033,460000,2,3,1,57,-2,-2,-2,-2,-2,-2,7516,23485,7398,6143,9634,9581,23524,7409,12286,9634,9581,38354,0
29443,150000,1,2,1,27,0,0,0,0,0,0,118533,119911,123914,126447,128773,134930,3375,5000,3583,3402,7226,5000,0
7295,130000,2,2,1,45,0,0,0,0,0,0,79277,63767,62599,51950,44189,38034,3500,3022,2000,2000,2000,2000,0
12973,30000,2,2,1,27,2,2,2,2,0,0,19193,20084,20460,19836,20266,21568,1500,1000,0,900,1800,900,1
5348,340000,2,1,1,34,0,0,0,0,0,0,76786,57803,68670,20299,27816,43637,39749,15000,12000,10000,20000,5400,0
14472,110000,2,2,2,28,2,2,2,2,2,2,86774,88702,89655,90593,89025,94509,4200,3300,3300,0,7000,2300,1
28812,60000,2,1,2,46,0,0,0,0,0,0,16017,30073,18385,20732,21196,23175,22000,3000,3000,1000,3000,0,0
15964,70000,2,2,1,35,0,0,0,0,0,0,68445,67371,68263,68927,69176,70592,3001,3052,3348,2617,2840,2674,0
24276,420000,1,1,1,32,0,0,0,0,0,0,60825,45060,25056,24751,24984,24983,1407,1407,1332,963,877,1000,0
21151,110000,1,3,2,44,0,0,0,0,0,0,102274,103275,105225,83722,78894,74659,3734,3653,2914,2627,2624,4138,0
10865,60000,2,5,2,22,0,0,0,0,0,0,61094,61260,55730,29846,28600,28970,3000,3000,2000,1500,1500,2000,0
17756,130000,2,3,2,53,0,0,0,0,0,0,101156,100184,99001,88214,90167,90682,3615,4700,3200,3403,3300,3500,0
4486,30000,1,2,2,21,0,0,0,0,0,0,26587,25917,17072,15994,12017,5614,1385,1270,367,336,112,0,0
10562,280000,2,2,2,29,-2,-2,-2,-2,-2,-1,0,0,0,0,0,5017,0,0,0,0,5017,101,0
24579,500000,1,1,1,47,1,-1,-1,-1,-1,-1,0,1200,163,1131,150,165,1200,163,1142,150,165,8530,0
20328,440000,2,1,1,53,0,0,0,0,0,0,295180,284145,255143,234395,216318,202530,13007,9102,10003,5000,5000,6000,0
21718,190000,2,1,2,26,1,-1,0,0,0,0,0,2236,5265,5034,1091,0,2236,3265,3060,22,0,0,0
10600,50000,1,2,2,23,1,2,0,0,0,0,6226,5981,6870,7038,2268,5051,0,1032,200,285,3000,2000,0
1435,30000,1,2,2,44,-1,0,-1,0,-1,-1,21043,21183,1754,666,1339,1748,1196,1757,2,1443,1949,0,0
5862,50000,1,3,2,41,0,0,0,0,-1,-1,47384,48814,49771,19375,71,19661,2194,2151,755,71,19837,792,0
12428,200000,2,2,2,35,-1,-1,-1,-1,-1,-1,11409,1222,3308,481,-19,3821,1228,3324,483,0,3840,0,0
10982,300000,2,1,2,27,-2,-2,-2,-2,-2,-2,525,7792,8347,10471,9813,10690,7797,8361,10490,9828,10698,6666,0
22046,200000,2,1,2,25,0,0,0,0,0,0,198890,200299,181617,181994,150013,150283,8058,6900,7022,5300,5368,5520,0
27832,500000,2,3,2,26,0,0,0,0,0,0,16162,18581,19321,21986,22440,25070,3000,1335,3000,811,3000,3500,0
23079,180000,2,5,1,41,-1,-1,-1,-1,-1,-1,22777,20311,20726,22111,25560,2461,20328,20789,22169,25560,2461,10947,0
26378,420000,2,2,1,37,0,0,0,0,0,0,101987,96544,94199,90395,89513,92792,6000,6045,5000,6000,5000,4000,0
10408,200000,1,1,1,51,0,-1,0,0,-1,0,102847,52556,34369,14240,23762,18198,52556,2003,1000,26068,10019,61500,0
23492,30000,2,3,1,33,0,0,0,0,0,0,29666,29033,29345,29125,29859,29016,1763,1676,1456,1190,1056,1592,0
19568,240000,2,2,2,30,0,-1,0,0,0,0,35380,64013,51380,25438,19376,12889,64013,1651,1705,564,2093,144734,0
11474,70000,1,2,1,26,0,0,0,0,0,0,66866,27072,26744,28087,27393,26646,2000,1396,3000,980,955,941,1
12065,200000,2,1,1,47,1,2,2,-2,-2,-2,4503,3350,-2209,-2209,-3607,1069,0,630,0,200,10000,2800,0
8933,240000,2,2,2,42,1,2,2,0,0,0,187558,187333,163332,166813,170739,174532,6700,0,6900,6000,6000,6000,1
10970,110000,2,3,1,42,0,0,0,0,0,0,116292,118781,121030,119267,116142,113887,5836,5780,5000,4206,5000,5000,0
27757,50000,2,2,1,22,0,0,0,0,0,0,47718,48719,47725,46467,14767,15085,2106,2200,2000,1000,700,800,0
26849,70000,1,3,1,46,1,2,2,2,2,2,30040,29258,31137,32855,33316,34137,0,2352,2531,1300,1500,0,0
1612,300000,2,3,1,30,-1,-1,0,0,-1,-1,12090,15035,25895,16416,3972,2200,15042,25500,6000,3972,2200,0,0
29745,30000,1,2,2,38,4,3,4,4,4,3,17628,20024,20424,20601,19992,19392,3000,1000,786,0,0,0,1
16268,200000,2,2,2,35,0,0,0,0,0,0,4585,5859,7763,8525,6843,2865,1500,2000,1000,518,1000,296,0
12395,20000,1,3,2,45,1,2,2,2,2,2,15748,16497,16928,17354,16934,18347,1300,1000,1000,0,1700,600,1
26841,70000,1,1,2,38,2,-1,-1,-1,-1,-1,2700,2108,2253,17743,8210,0,2108,2253,17804,8210,0,0,0
2769,350000,2,2,1,41,0,0,0,0,0,0,85339,84393,86793,84406,73976,75497,5000,5016,5000,3000,3000,4000,0
12778,90000,2,3,2,50,0,0,0,0,0,0,83939,86583,87014,46293,47576,46663,4000,2500,2000,2000,2000,2000,0
23178,30000,2,3,1,46,0,0,0,0,0,0,29003,28544,27177,28630,25087,25342,1500,2000,2390,1000,1000,2000,0
218,80000,1,2,2,36,2,0,0,0,0,0,79278,78501,78534,80016,76235,78245,3100,3500,3400,3000,3500,3000,0
24878,120000,1,1,2,32,0,0,0,0,2,0,120792,87675,122177,120667,47880,49629,20137,50053,29377,0,30000,984,0
6167,30000,2,2,1,27,0,0,2,2,0,0,10011,12830,13225,12718,12829,13083,3000,901,0,465,467,485,1
3903,50000,1,2,1,33,0,0,0,0,0,0,16149,13662,14675,14967,15282,15585,1223,1236,528,548,550,569,0
21233,180000,1,1,1,49,-1,-1,2,2,-2,-2,1092,1733,1405,-434,-434,-434,1733,0,0,0,0,0,1
24638,420000,1,2,2,30,0,0,0,0,0,0,122418,113122,89586,83713,55375,54291,4816,4128,3147,2018,3130,3006,0
10001,260000,2,1,1,40,-2,-2,-2,-2,-2,-2,2500,0,0,0,0,0,0,0,0,0,0,0,0
14799,50000,1,2,1,41,0,0,0,-2,-2,-1,48729,19598,0,0,0,402,1000,402,0,0,402,19603,0
6089,90000,2,2,2,24,0,0,2,2,2,2,26928,29773,30091,30922,34112,34280,3600,1100,1630,4000,1200,0,1
14461,50000,2,2,2,26,1,-2,-2,-2,-2,-2,0,0,0,0,0,0,0,0,0,0,0,9033,0
2858,200000,2,2,1,41,0,0,0,0,0,0,42292,43764,44030,48466,49183,46919,3000,2000,5000,2000,3000,3000,0
18219,180000,1,1,1,51,0,0,0,0,0,0,40310,41634,44959,50198,52361,55510,2000,4000,6000,3000,4000,3000,0
17043,300000,2,2,2,24,0,0,0,-1,-1,-1,26158,25673,14290,7490,2962,0,5673,7000,7490,2962,0,0,0
12416,370000,2,1,1,31,-2,-1,0,0,0,0,0,229818,234379,239082,244124,243986,229818,8409,8500,8800,8800,14100,0
9674,320000,1,1,1,39,-1,-1,0,-1,-1,-1,8374,17634,38000,1140,997,1633,17634,21000,1140,997,1633,0,0
518,50000,1,2,1,47,0,0,0,0,0,0,13917,16695,21320,18614,19003,19439,3000,5000,2000,618,679,500,0
11625,360000,2,1,2,29,0,0,0,0,0,0,92693,87415,69552,38898,31222,55801,20595,20200,10063,1897,30278,83275,0
8283,640000,2,1,2,30,0,0,0,0,0,0,116714,77893,60259,40539,26432,5018,4000,4000,2003,7202,5314,3535,0
20258,500000,2,1,1,54,-1,-1,-1,-1,0,0,6259,2937,10410,30016,8014,2630,2962,10457,30026,26,13,2283,1
12080,290000,2,2,1,34,0,0,0,0,0,0,38027,23036,129433,117500,113149,102593,6000,120000,5000,5000,5000,3500,0
17736,350000,2,2,1,50,0,0,0,0,0,0,263390,267494,205636,203844,204114,207448,10532,9219,8797,8004,10012,10006,1
2159,80000,2,2,1,38,0,0,0,0,0,0,74236,63120,53897,54292,55430,57011,2125,2000,2000,2010,2500,1336,0
28083,140000,2,1,1,41,0,0,0,0,0,0,80603,80193,73318,70523,55318,50236,3000,3336,2372,1453,1536,1300,0
10728,50000,2,2,1,31,0,0,0,0,0,0,13641,15409,16052,15993,15780,15549,2000,1223,1000,1000,1000,1000,0
29031,240000,2,1,2,29,0,0,0,0,0,0,236883,241574,244010,239778,191762,196015,8636,9303,8159,5449,5900,5323,0
3098,280000,2,1,1,37,-1,-1,-1,-1,-1,-1,3915,6686,3719,11013,21011,29459,6691,85,11045,21012,29460,10284,0
22755,220000,2,3,1,45,-1,-1,2,-1,0,0,1196,8087,3606,4656,8960,13264,8087,13,4656,5000,5000,0,0
3110,500000,1,3,1,48,0,0,0,0,2,-1,36875,26031,32389,32830,17191,72198,1192,32382,2011,0,72198,10000,0
10278,30000,2,3,1,35,0,0,0,0,0,0,23697,20523,20762,22535,22622,11400,3000,3102,3008,3136,1103,0,0
21883,230000,2,4,2,26,1,-1,2,-1,-1,-1,0,500,500,624,1090,2952,500,0,624,1090,2952,1505,0
6429,130000,2,2,2,25,2,2,0,0,0,0,138910,119948,135259,95956,97770,92206,0,18259,3456,3770,3706,3708,1
9254,240000,1,1,1,29,-1,-1,-1,-2,-1,-1,17882,367,-4661,-23,4638,2500,403,4838,4638,4661,2500,0,0
2408,420000,1,2,2,31,2,2,0,0,2,0,239293,90568,88997,93971,92203,93059,0,3500,6600,0,4000,3000,1
25040,150000,1,1,1,55,0,0,0,0,0,0,142904,144527,149386,149031,78284,76500,5200,7200,4800,2730,2750,2800,0
14644,210000,1,2,1,37,1,-2,-2,-1,-1,-1,0,0,0,150,150,150,0,0,150,150,150,100,0
24745,130000,1,2,1,46,0,0,0,0,0,0,46849,44861,46405,44342,45641,40945,1802,3005,1603,3022,1005,3308,0
18526,70000,2,2,2,22,0,0,0,2,0,0,32845,31377,31420,30940,24765,25942,3100,6000,1125,1300,3000,2500,0
13422,100000,2,1,2,29,2,2,2,2,2,2,74032,75557,76434,74611,79292,80945,3300,2700,0,5900,3100,0,0
3400,50000,1,3,2,22,0,0,0,0,-1,-1,6673,5054,2340,1990,1377,1080,1056,1000,40,1377,1080,382,1
8945,100000,2,2,1,42,2,2,0,0,0,0,101494,98994,96845,97037,93480,95516,13,3709,4000,3500,3600,3500,1
27174,160000,1,3,1,33,-1,-1,-1,-1,-1,-1,326,326,326,326,326,326,326,326,326,326,326,326,0
6941,260000,2,1,2,33,0,0,0,0,0,0,18460,20321,22643,20864,25604,28748,3000,3000,2000,5634,3748,1000,0
27317,10000,1,5,2,44,0,0,0,0,0,0,8958,8774,9461,9457,9650,7500,1147,1224,1000,193,150,0,0
28316,180000,2,1,1,37,-2,-2,-2,-2,-1,-1,8592,8468,1300,0,2000,0,8478,1300,0,2000,0,1659,0
27776,30000,2,2,2,24,0,0,2,2,0,0,27465,30386,31105,30270,29963,29661,3700,1500,0,1050,1250,2200,0
9818,180000,2,1,1,28,1,-2,-2,-2,-2,-2,0,0,0,0,0,0,0,0,0,0,0,0,0
16141,120000,2,2,1,35,-1,-1,2,2,2,2,2415,11837,9754,24007,22299,31576,9886,0,20000,0,10000,0,0
9420,130000,2,2,2,29,2,2,0,0,0,-1,172094,156589,145398,136115,138893,127502,0,3300,2500,2778,130000,3689,0
12317,250000,1,1,2,33,-1,-1,-1,-1,-2,-1,22824,6540,6686,-14795,-23003,4017,6573,6793,41,42,35602,3,0
2520,100000,2,2,2,24,0,0,0,0,0,0,101887,102069,100657,101565,101116,101764,4902,4507,3936,3982,4135,3676,0
29752,100000,1,3,1,30,0,0,0,2,0,0,50512,49374,51644,45920,21659,10861,2000,5138,75,1032,32,15127,0
16603,80000,1,3,1,29,2,2,0,0,2,4,69578,67871,68782,73955,79128,82275,0,2600,6332,7000,5000,0,1
17594,130000,2,3,1,44,0,0,0,0,0,0,122264,125756,129159,127727,130334,0,3541,3497,2875,2607,0,0,0
5102,140000,2,2,1,35,-1,-1,-1,-1,-1,-1,4694,4340,4332,4058,2929,4345,4340,4332,4172,5544,4345,2178,1
9844,270000,2,2,1,45,0,0,0,0,0,0,17074,28137,32602,9462,8835,8054,15000,5000,5000,5000,5000,1500,0
17189,20000,2,3,1,31,-1,5,4,3,2,0,14320,13815,13403,12888,12019,11500,0,86,0,0,435,480,1
7279,150000,1,1,1,50,0,0,0,0,0,0,101639,91674,135883,95806,97648,99737,3820,50001,3569,3529,3697,5229,0
18774,50000,2,2,2,27,2,2,2,2,0,0,19410,22085,23435,22765,22990,23369,3000,2000,0,900,900,1006,1
10080,200000,2,1,1,37,-1,-1,-1,0,0,0,3660,16991,19200,18856,14301,913,17302,20891,7377,2000,0,127188,1
21772,360000,2,2,2,25,2,2,-2,-2,-2,-2,1614,-40,-40,-40,-40,1153,40,0,0,0,1193,17,0
26445,450000,2,1,1,49,-2,-2,-2,-2,-2,-2,0,0,0,0,0,0,0,0,0,0,0,0,0
9894,90000,1,1,1,53,0,0,0,0,0,0,23551,23607,22132,63204,19412,18099,2400,1582,770,1696,820,520,0
6330,140000,2,1,2,31,0,0,0,0,0,0,71066,55271,50706,48847,47437,42576,2042,1958,1501,1619,1514,1553,0
10047,130000,1,2,2,31,0,0,0,0,0,0,5551,6953,8176,8884,9737,11404,1500,1500,1000,1000,2000,2000,1
26121,50000,2,2,1,30,0,0,0,0,0,-1,42326,19067,7690,8322,5522,1522,1500,1500,1000,200,2000,50000,0
14331,150000,2,3,1,46,2,2,2,2,2,0,11164,11713,11759,12453,12147,12254,1000,500,850,0,400,400,1
26757,240000,1,2,2,27,0,0,0,0,0,0,81861,81446,82907,84832,87123,85363,15000,4000,4000,4000,3000,3000,0
11848,470000,2,2,1,35,0,0,0,0,0,0,218675,225519,230011,234639,239502,244328,8717,8000,6671,6882,6960,8751,0
16588,400000,1,1,2,29,0,-1,0,0,0,0,1123,82556,67823,61918,61884,61911,82694,1939,1720,1712,1766,1907,0
17552,360000,2,2,1,48,-2,-2,-2,-2,-2,-2,0,0,0,0,0,0,0,0,0,0,0,0,0
21266,20000,1,2,1,50,0,0,2,2,2,2,14123,16758,17494,16916,18135,17703,3200,1300,0,1500,0,1200,0
15093,200000,1,4,1,35,-2,-2,-2,-1,0,0,3000,5752,5028,13784,14482,11836,5752,5028,13800,2900,3100,305,0
23482,100000,2,1,2,30,0,0,2,2,2,2,7384,10253,9945,14269,13743,16011,3000,0,4500,0,2500,0,0
18395,290000,2,2,2,24,0,0,0,0,0,0,262476,180959,162007,143679,375499,222575,8000,6500,6100,235075,10047,7500,1
22278,70000,2,3,1,29,0,0,0,0,0,0,22438,24055,25359,26434,26993,28551,2000,2000,1500,1000,2000,1500,0
10401,220000,2,1,2,32,0,0,0,0,0,2,205310,203343,209214,210965,214989,203159,7600,9800,7200,7700,7500,7250,0
8166,30000,1,2,1,57,0,0,0,0,0,-1,29204,20564,16341,7593,7828,1366,1400,1000,1000,235,1366,0,0
22502,230000,2,1,2,33,0,0,0,0,0,0,38646,40000,41354,42368,43161,45056,2000,2000,2000,1800,2600,2000,0
10885,450000,1,1,1,53,-1,-1,-1,-1,-1,0,3873,3119,8970,1323,11990,8838,3128,9008,1323,12008,214,1327,0
23088,100000,2,2,1,36,2,2,2,2,2,2,78063,79346,77977,79071,76918,81713,3500,3300,3000,0,6500,3000,1
24674,200000,1,3,1,37,0,0,0,0,0,0,65927,59688,53084,46363,39843,33004,2700,2200,1700,1489,1200,1100,0
13722,60000,1,2,2,38,0,0,0,0,0,0,42184,42108,41300,40840,40366,39737,2014,1616,1566,1700,1600,1400,0
17848,250000,1,2,2,26,0,0,0,0,0,0,115497,114716,117212,112623,110178,108176,3835,4068,3859,3597,3822,3825,0
3384,110000,2,2,1,36,1,2,0,0,2,2,10448,10144,14516,19396,9298,14116,0,5000,5000,0,5000,0,1
9847,200000,2,1,2,27,-1,0,-1,0,0,0,31789,22289,29815,35442,8321,20718,22091,29851,283,1387,20057,51281,0
18834,70000,2,2,2,24,0,0,0,0,0,0,34201,49800,26194,27454,28159,25775,1800,2000,2000,1500,1500,0,0
19342,100000,2,2,1,41,0,0,0,0,0,0,111925,107224,107126,101859,79519,74368,4000,7000,3533,2673,3500,4303,0
7341,240000,2,1,2,28,0,0,0,0,0,0,168068,168685,94520,14422,12552,20550,6042,3558,1000,600,10550,9000,0
